serial_no,gender,ssc_percentage,ssc_board,hsc_percentage,hsc_board,hsc_stream,degree_percentage,degree_type,work_experience,employability_test_percentage,specialisation,mba_percentage,placement_status,salary,overall_academic_avg,salary_bracket
1,M,67.0,Others,91.0,Others,Commerce,58.0,Sci&Tech,No,55.0,Mkt&Hr,58.8,Placed,270000,72.0,Premium Package
2,M,79.33,Central,78.33,Others,Science,77.48,Sci&Tech,Yes,86.5,Mkt&Fin,66.28,Placed,200000,78.38,Standard Package
3,M,65.0,Central,68.0,Central,Arts,64.0,Comm&Mgmt,No,75.0,Mkt&Fin,57.8,Placed,250000,65.67,Premium Package
4,M,56.0,Central,52.0,Central,Science,52.0,Sci&Tech,No,66.0,Mkt&Hr,59.43,Not Placed,0,53.33,No Package
5,M,85.8,Central,73.6,Central,Commerce,73.3,Comm&Mgmt,No,96.8,Mkt&Fin,55.5,Placed,425000,77.57,Premium Package
6,M,55.0,Others,49.8,Others,Science,67.25,Sci&Tech,Yes,55.0,Mkt&Fin,51.58,Not Placed,0,57.35,No Package
7,F,46.0,Others,49.2,Others,Commerce,79.0,Comm&Mgmt,No,74.28,Mkt&Fin,53.29,Not Placed,0,58.07,No Package
8,M,82.0,Central,64.0,Central,Science,66.0,Sci&Tech,Yes,67.0,Mkt&Fin,62.14,Placed,252000,70.67,Premium Package
9,M,73.0,Central,79.0,Central,Commerce,72.0,Comm&Mgmt,No,91.34,Mkt&Fin,61.29,Placed,231000,74.67,Standard Package
10,M,58.0,Central,70.0,Central,Commerce,61.0,Comm&Mgmt,No,54.0,Mkt&Fin,52.21,Not Placed,0,63.0,No Package
11,M,58.0,Central,61.0,Central,Commerce,60.0,Comm&Mgmt,Yes,62.0,Mkt&Hr,60.85,Placed,260000,59.67,Premium Package
12,M,69.6,Central,68.4,Central,Commerce,78.3,Comm&Mgmt,Yes,60.0,Mkt&Fin,63.7,Placed,250000,72.1,Premium Package
13,F,47.0,Central,55.0,Others,Science,65.0,Comm&Mgmt,No,62.0,Mkt&Hr,65.04,Not Placed,0,55.67,No Package
14,F,77.0,Central,87.0,Central,Commerce,59.0,Comm&Mgmt,No,68.0,Mkt&Fin,68.63,Placed,218000,74.33,Standard Package
15,M,62.0,Central,47.0,Central,Commerce,50.0,Comm&Mgmt,No,76.0,Mkt&Hr,54.96,Not Placed,0,53.0,No Package
16,F,65.0,Central,75.0,Central,Commerce,69.0,Comm&Mgmt,Yes,72.0,Mkt&Fin,64.66,Placed,200000,69.67,Standard Package
17,M,63.0,Central,66.2,Central,Commerce,65.6,Comm&Mgmt,Yes,60.0,Mkt&Fin,62.54,Placed,300000,64.93,Premium Package
18,F,55.0,Central,67.0,Central,Commerce,64.0,Comm&Mgmt,No,60.0,Mkt&Fin,67.28,Not Placed,0,62.0,No Package
19,F,63.0,Central,66.0,Central,Commerce,64.0,Comm&Mgmt,No,68.0,Mkt&Hr,64.08,Not Placed,0,64.33,No Package
20,M,60.0,Others,67.0,Others,Arts,70.0,Comm&Mgmt,Yes,50.48,Mkt&Fin,77.89,Placed,236000,65.67,Standard Package
21,M,62.0,Others,65.0,Others,Commerce,66.0,Comm&Mgmt,No,50.0,Mkt&Hr,56.7,Placed,265000,64.33,Premium Package
22,F,79.0,Others,76.0,Others,Commerce,85.0,Comm&Mgmt,No,95.0,Mkt&Fin,69.06,Placed,393000,80.0,Premium Package
23,F,69.8,Others,60.8,Others,Science,72.23,Sci&Tech,No,55.53,Mkt&Hr,68.81,Placed,360000,67.61,Premium Package
24,F,77.4,Others,60.0,Others,Science,64.74,Sci&Tech,Yes,92.0,Mkt&Fin,63.62,Placed,300000,67.38,Premium Package
25,M,76.5,Others,97.7,Others,Science,78.86,Sci&Tech,No,97.4,Mkt&Fin,74.01,Placed,360000,84.35,Premium Package
26,F,52.58,Others,54.6,Central,Commerce,50.2,Comm&Mgmt,Yes,76.0,Mkt&Fin,65.33,Not Placed,0,52.46,No Package
27,M,71.0,Others,79.0,Others,Commerce,66.0,Comm&Mgmt,Yes,94.0,Mkt&Fin,57.55,Placed,240000,72.0,Standard Package
28,M,63.0,Others,67.0,Others,Commerce,66.0,Comm&Mgmt,No,68.0,Mkt&Hr,57.69,Placed,265000,65.33,Premium Package
29,M,76.76,Others,76.5,Others,Commerce,67.5,Comm&Mgmt,Yes,73.35,Mkt&Fin,64.15,Placed,350000,73.59,Premium Package
30,M,62.0,Central,67.0,Central,Commerce,58.0,Comm&Mgmt,No,77.0,Mkt&Fin,51.29,Not Placed,0,62.33,No Package
31,F,64.0,Central,73.5,Central,Commerce,73.0,Comm&Mgmt,No,52.0,Mkt&Hr,56.7,Placed,250000,70.17,Premium Package
32,F,67.0,Central,53.0,Central,Science,65.0,Sci&Tech,No,64.0,Mkt&Hr,58.32,Not Placed,0,61.67,No Package
33,F,61.0,Central,81.0,Central,Commerce,66.4,Comm&Mgmt,No,50.89,Mkt&Hr,62.21,Placed,278000,69.47,Premium Package
34,F,87.0,Others,65.0,Others,Science,81.0,Comm&Mgmt,Yes,88.0,Mkt&Fin,72.78,Placed,260000,77.67,Premium Package
35,M,62.0,Others,51.0,Others,Science,52.0,Others,No,68.44,Mkt&Hr,62.77,Not Placed,0,55.0,No Package
36,F,69.0,Central,78.0,Central,Commerce,72.0,Comm&Mgmt,No,71.0,Mkt&Hr,62.74,Placed,300000,73.0,Premium Package
37,M,51.0,Central,44.0,Central,Commerce,57.0,Comm&Mgmt,No,64.0,Mkt&Fin,51.45,Not Placed,0,50.67,No Package
38,F,79.0,Central,76.0,Central,Science,65.6,Sci&Tech,No,58.0,Mkt&Hr,55.47,Placed,320000,73.53,Premium Package
39,F,73.0,Others,58.0,Others,Science,66.0,Comm&Mgmt,No,53.7,Mkt&Hr,56.86,Placed,240000,65.67,Standard Package
40,M,81.0,Others,68.0,Others,Science,64.0,Sci&Tech,No,93.0,Mkt&Fin,62.56,Placed,411000,71.0,Premium Package
41,F,78.0,Central,77.0,Others,Commerce,80.0,Comm&Mgmt,No,60.0,Mkt&Fin,66.72,Placed,287000,78.33,Premium Package
42,F,74.0,Others,63.16,Others,Commerce,65.0,Comm&Mgmt,Yes,65.0,Mkt&Hr,69.76,Not Placed,0,67.39,No Package
43,M,49.0,Others,39.0,Central,Science,65.0,Others,No,63.0,Mkt&Fin,51.21,Not Placed,0,51.0,No Package
44,M,87.0,Others,87.0,Others,Commerce,68.0,Comm&Mgmt,No,95.0,Mkt&Hr,62.9,Placed,300000,80.67,Premium Package
45,F,77.0,Others,73.0,Others,Commerce,81.0,Comm&Mgmt,Yes,89.0,Mkt&Fin,69.7,Placed,200000,77.0,Standard Package
46,F,76.0,Central,64.0,Central,Science,72.0,Sci&Tech,No,58.0,Mkt&Hr,66.53,Not Placed,0,70.67,No Package
47,F,70.89,Others,71.98,Others,Science,65.6,Comm&Mgmt,No,68.0,Mkt&Hr,71.63,Not Placed,0,69.49,No Package
48,M,63.0,Central,60.0,Central,Commerce,57.0,Comm&Mgmt,Yes,78.0,Mkt&Fin,54.55,Placed,204000,60.0,Standard Package
49,M,63.0,Others,62.0,Others,Commerce,68.0,Comm&Mgmt,No,64.0,Mkt&Fin,62.46,Placed,250000,64.33,Premium Package
50,F,50.0,Others,37.0,Others,Arts,52.0,Others,No,65.0,Mkt&Hr,56.11,Not Placed,0,46.33,No Package
51,F,75.2,Central,73.2,Central,Science,68.4,Comm&Mgmt,No,65.0,Mkt&Hr,62.98,Placed,200000,72.27,Standard Package
52,M,54.4,Central,61.12,Central,Commerce,56.2,Comm&Mgmt,No,67.0,Mkt&Hr,62.65,Not Placed,0,57.24,No Package
53,F,40.89,Others,45.83,Others,Commerce,53.0,Comm&Mgmt,No,71.2,Mkt&Hr,65.49,Not Placed,0,46.57,No Package
54,M,80.0,Others,70.0,Others,Science,72.0,Sci&Tech,No,87.0,Mkt&Hr,71.04,Placed,450000,74.0,Premium Package
55,F,74.0,Central,60.0,Others,Science,69.0,Comm&Mgmt,No,78.0,Mkt&Hr,65.56,Placed,216000,67.67,Standard Package
56,M,60.4,Central,66.6,Others,Science,65.0,Comm&Mgmt,No,71.0,Mkt&Hr,52.71,Placed,220000,64.0,Standard Package
57,M,63.0,Others,71.4,Others,Commerce,61.4,Comm&Mgmt,No,68.0,Mkt&Fin,66.88,Placed,240000,65.27,Standard Package
58,M,68.0,Central,76.0,Central,Commerce,74.0,Comm&Mgmt,No,80.0,Mkt&Fin,63.59,Placed,360000,72.67,Premium Package
59,M,74.0,Central,62.0,Others,Science,68.0,Comm&Mgmt,No,74.0,Mkt&Fin,57.99,Placed,268000,68.0,Premium Package
60,M,52.6,Central,65.58,Others,Science,72.11,Sci&Tech,No,57.6,Mkt&Fin,56.66,Placed,265000,63.43,Premium Package
61,M,74.0,Central,70.0,Central,Science,72.0,Comm&Mgmt,Yes,60.0,Mkt&Fin,57.24,Placed,260000,72.0,Premium Package
62,M,84.2,Central,73.4,Central,Commerce,66.89,Comm&Mgmt,No,61.6,Mkt&Fin,62.48,Placed,300000,74.83,Premium Package
63,F,86.5,Others,64.2,Others,Science,67.4,Sci&Tech,No,59.0,Mkt&Fin,59.69,Placed,240000,72.7,Standard Package
64,M,61.0,Others,70.0,Others,Commerce,64.0,Comm&Mgmt,No,68.5,Mkt&Hr,59.5,Not Placed,0,65.0,No Package
65,M,80.0,Others,73.0,Others,Commerce,75.0,Comm&Mgmt,No,61.0,Mkt&Fin,58.78,Placed,240000,76.0,Standard Package
66,M,54.0,Others,47.0,Others,Science,57.0,Comm&Mgmt,No,89.69,Mkt&Hr,57.1,Not Placed,0,52.67,No Package
67,M,83.0,Others,74.0,Others,Science,66.0,Comm&Mgmt,No,68.92,Mkt&Hr,58.46,Placed,275000,74.33,Premium Package
68,M,80.92,Others,78.5,Others,Commerce,67.0,Comm&Mgmt,No,68.71,Mkt&Fin,60.99,Placed,275000,75.47,Premium Package
69,F,69.7,Central,47.0,Central,Commerce,72.7,Sci&Tech,No,79.0,Mkt&Hr,59.24,Not Placed,0,63.13,No Package
70,M,73.0,Central,73.0,Central,Science,66.0,Sci&Tech,Yes,70.0,Mkt&Fin,68.07,Placed,275000,70.67,Premium Package
71,M,82.0,Others,61.0,Others,Science,62.0,Sci&Tech,No,89.0,Mkt&Fin,65.45,Placed,360000,68.33,Premium Package
72,M,75.0,Others,70.29,Others,Commerce,71.0,Comm&Mgmt,No,95.0,Mkt&Fin,66.94,Placed,240000,72.1,Standard Package
73,M,84.86,Others,67.0,Others,Science,78.0,Comm&Mgmt,No,95.5,Mkt&Fin,68.53,Placed,240000,76.62,Standard Package
74,M,64.6,Central,83.83,Others,Commerce,71.72,Comm&Mgmt,No,86.0,Mkt&Fin,59.75,Placed,218000,73.38,Standard Package
75,M,56.6,Central,64.8,Central,Commerce,70.2,Comm&Mgmt,No,84.27,Mkt&Fin,67.2,Placed,336000,63.87,Premium Package
76,F,59.0,Central,62.0,Others,Commerce,77.5,Comm&Mgmt,No,74.0,Mkt&Hr,67.0,Not Placed,0,66.17,No Package
77,F,66.5,Others,70.4,Central,Arts,71.93,Comm&Mgmt,No,61.0,Mkt&Fin,64.27,Placed,230000,69.61,Standard Package
78,M,64.0,Others,80.0,Others,Science,65.0,Sci&Tech,Yes,69.0,Mkt&Fin,57.65,Placed,500000,69.67,Premium Package
79,M,84.0,Others,90.9,Others,Science,64.5,Sci&Tech,No,86.04,Mkt&Fin,59.42,Placed,270000,79.8,Premium Package
80,F,69.0,Central,62.0,Central,Science,66.0,Sci&Tech,No,75.0,Mkt&Hr,67.99,Not Placed,0,65.67,No Package
81,F,69.0,Others,62.0,Others,Commerce,69.0,Comm&Mgmt,Yes,67.0,Mkt&Hr,62.35,Placed,240000,66.67,Standard Package
82,M,81.7,Others,63.0,Others,Science,67.0,Comm&Mgmt,Yes,86.0,Mkt&Fin,70.2,Placed,300000,70.57,Premium Package
83,M,63.0,Central,67.0,Central,Commerce,74.0,Comm&Mgmt,No,82.0,Mkt&Fin,60.44,Not Placed,0,68.0,No Package
84,M,84.0,Others,79.0,Others,Science,68.0,Sci&Tech,Yes,84.0,Mkt&Fin,66.69,Placed,300000,77.0,Premium Package
85,M,70.0,Central,63.0,Others,Science,70.0,Sci&Tech,Yes,55.0,Mkt&Fin,62.0,Placed,300000,67.67,Premium Package
86,F,83.84,Others,89.83,Others,Commerce,77.2,Comm&Mgmt,Yes,78.74,Mkt&Fin,76.18,Placed,400000,83.62,Premium Package
87,M,62.0,Others,63.0,Others,Commerce,64.0,Comm&Mgmt,No,67.0,Mkt&Fin,57.03,Placed,220000,63.0,Standard Package
88,M,59.6,Central,51.0,Central,Science,60.0,Others,No,75.0,Mkt&Hr,59.08,Not Placed,0,56.87,No Package
89,F,66.0,Central,62.0,Central,Commerce,73.0,Comm&Mgmt,No,58.0,Mkt&Hr,64.36,Placed,210000,67.0,Standard Package
90,F,84.0,Others,75.0,Others,Science,69.0,Sci&Tech,Yes,62.0,Mkt&Hr,62.36,Placed,210000,76.0,Standard Package
91,F,85.0,Others,90.0,Others,Commerce,82.0,Comm&Mgmt,No,92.0,Mkt&Fin,68.03,Placed,300000,85.67,Premium Package
92,M,52.0,Central,57.0,Central,Commerce,50.8,Comm&Mgmt,No,67.0,Mkt&Hr,62.79,Not Placed,0,53.27,No Package
93,F,60.23,Central,69.0,Central,Science,66.0,Comm&Mgmt,No,72.0,Mkt&Fin,59.47,Placed,230000,65.08,Standard Package
94,M,52.0,Central,62.0,Central,Commerce,54.0,Comm&Mgmt,No,72.0,Mkt&Hr,55.41,Not Placed,0,56.0,No Package
95,M,58.0,Central,62.0,Central,Commerce,64.0,Comm&Mgmt,No,53.88,Mkt&Fin,54.97,Placed,260000,61.33,Premium Package
96,M,73.0,Central,78.0,Others,Commerce,65.0,Comm&Mgmt,Yes,95.46,Mkt&Fin,62.16,Placed,420000,72.0,Premium Package
97,F,76.0,Central,70.0,Central,Science,76.0,Comm&Mgmt,Yes,66.0,Mkt&Fin,64.44,Placed,300000,74.0,Premium Package
98,F,70.5,Central,62.5,Others,Commerce,61.0,Comm&Mgmt,No,93.91,Mkt&Fin,69.03,Not Placed,0,64.67,No Package
99,F,69.0,Central,73.0,Central,Commerce,65.0,Comm&Mgmt,No,70.0,Mkt&Fin,57.31,Placed,220000,69.0,Standard Package
100,M,54.0,Central,82.0,Others,Commerce,63.0,Sci&Tech,No,50.0,Mkt&Fin,59.47,Not Placed,0,66.33,No Package
101,F,45.0,Others,57.0,Others,Commerce,58.0,Comm&Mgmt,Yes,56.39,Mkt&Hr,64.95,Not Placed,0,53.33,No Package
102,M,63.0,Central,72.0,Central,Commerce,68.0,Comm&Mgmt,No,78.0,Mkt&Hr,60.44,Placed,380000,67.67,Premium Package
103,F,77.0,Others,61.0,Others,Commerce,68.0,Comm&Mgmt,Yes,57.5,Mkt&Fin,61.31,Placed,300000,68.67,Premium Package
104,M,73.0,Central,78.0,Central,Science,73.0,Sci&Tech,Yes,85.0,Mkt&Hr,65.83,Placed,240000,74.67,Standard Package
105,M,69.0,Central,63.0,Others,Science,65.0,Comm&Mgmt,Yes,55.0,Mkt&Hr,58.23,Placed,360000,65.67,Premium Package
106,M,59.0,Central,64.0,Others,Science,58.0,Sci&Tech,No,85.0,Mkt&Hr,55.3,Not Placed,0,60.33,No Package
107,M,61.08,Others,50.0,Others,Science,54.0,Sci&Tech,No,71.0,Mkt&Fin,65.69,Not Placed,0,55.03,No Package
108,M,82.0,Others,90.0,Others,Commerce,83.0,Comm&Mgmt,No,80.0,Mkt&Hr,73.52,Placed,200000,85.0,Standard Package
109,M,61.0,Central,82.0,Central,Commerce,69.0,Comm&Mgmt,No,84.0,Mkt&Fin,58.31,Placed,300000,70.67,Premium Package
110,M,52.0,Central,63.0,Others,Science,65.0,Sci&Tech,Yes,86.0,Mkt&Hr,56.09,Not Placed,0,60.0,No Package
111,F,69.5,Central,70.0,Central,Science,72.0,Sci&Tech,No,57.2,Mkt&Hr,54.8,Placed,250000,70.5,Premium Package
112,M,51.0,Others,54.0,Others,Science,61.0,Sci&Tech,No,60.0,Mkt&Hr,60.64,Not Placed,0,55.33,No Package
113,M,58.0,Others,61.0,Others,Commerce,61.0,Comm&Mgmt,No,58.0,Mkt&Hr,53.94,Placed,250000,60.0,Premium Package
114,F,73.96,Others,79.0,Others,Commerce,67.0,Comm&Mgmt,No,72.15,Mkt&Fin,63.08,Placed,280000,73.32,Premium Package
115,M,65.0,Central,68.0,Others,Science,69.0,Comm&Mgmt,No,53.7,Mkt&Hr,55.01,Placed,250000,67.33,Premium Package
116,F,73.0,Others,63.0,Others,Science,66.0,Comm&Mgmt,No,89.0,Mkt&Fin,60.5,Placed,216000,67.33,Standard Package
117,M,68.2,Central,72.8,Central,Commerce,66.6,Comm&Mgmt,Yes,96.0,Mkt&Fin,70.85,Placed,300000,69.2,Premium Package
118,M,77.0,Others,75.0,Others,Science,73.0,Sci&Tech,No,80.0,Mkt&Fin,67.05,Placed,240000,75.0,Standard Package
119,M,76.0,Central,80.0,Central,Science,78.0,Sci&Tech,Yes,97.0,Mkt&Hr,70.48,Placed,276000,78.0,Premium Package
120,M,60.8,Central,68.4,Central,Commerce,64.6,Comm&Mgmt,Yes,82.66,Mkt&Fin,64.34,Placed,940000,64.6,Premium Package
121,M,58.0,Others,40.0,Others,Science,59.0,Comm&Mgmt,No,73.0,Mkt&Hr,58.81,Not Placed,0,52.33,No Package
122,F,64.0,Central,67.0,Others,Science,69.6,Sci&Tech,Yes,55.67,Mkt&Hr,71.49,Placed,250000,66.87,Premium Package
123,F,66.5,Central,66.8,Central,Arts,69.3,Comm&Mgmt,Yes,80.4,Mkt&Fin,71.0,Placed,236000,67.53,Standard Package
124,M,74.0,Others,59.0,Others,Commerce,73.0,Comm&Mgmt,Yes,60.0,Mkt&Hr,56.7,Placed,240000,68.67,Standard Package
125,M,67.0,Central,71.0,Central,Science,64.33,Others,Yes,64.0,Mkt&Hr,61.26,Placed,250000,67.44,Premium Package
126,F,84.0,Central,73.0,Central,Commerce,73.0,Comm&Mgmt,No,75.0,Mkt&Fin,73.33,Placed,350000,76.67,Premium Package
127,F,79.0,Others,61.0,Others,Science,75.5,Sci&Tech,Yes,70.0,Mkt&Fin,68.2,Placed,210000,71.83,Standard Package
128,F,72.0,Others,60.0,Others,Science,69.0,Comm&Mgmt,No,55.5,Mkt&Hr,58.4,Placed,250000,67.0,Premium Package
129,M,80.4,Central,73.4,Central,Science,77.72,Sci&Tech,Yes,81.2,Mkt&Hr,76.26,Placed,400000,77.17,Premium Package
130,M,76.7,Central,89.7,Others,Commerce,66.0,Comm&Mgmt,Yes,90.0,Mkt&Fin,68.55,Placed,250000,77.47,Premium Package
131,M,62.0,Central,65.0,Others,Commerce,60.0,Comm&Mgmt,No,84.0,Mkt&Fin,64.15,Not Placed,0,62.33,No Package
132,F,74.9,Others,57.0,Others,Science,62.0,Others,Yes,80.0,Mkt&Fin,60.78,Placed,360000,64.63,Premium Package
133,M,67.0,Others,68.0,Others,Commerce,64.0,Comm&Mgmt,Yes,74.4,Mkt&Hr,53.49,Placed,300000,66.33,Premium Package
134,M,73.0,Central,64.0,Others,Commerce,77.0,Comm&Mgmt,Yes,65.0,Mkt&Hr,60.98,Placed,250000,71.33,Premium Package
135,F,77.44,Central,92.0,Others,Commerce,72.0,Comm&Mgmt,Yes,94.0,Mkt&Fin,67.13,Placed,250000,80.48,Premium Package
136,F,72.0,Central,56.0,Others,Science,69.0,Comm&Mgmt,No,55.6,Mkt&Hr,65.63,Placed,200000,65.67,Standard Package
137,F,47.0,Central,59.0,Central,Arts,64.0,Comm&Mgmt,No,78.0,Mkt&Fin,61.58,Not Placed,0,56.67,No Package
138,M,67.0,Others,63.0,Central,Commerce,72.0,Comm&Mgmt,No,56.0,Mkt&Hr,60.41,Placed,225000,67.33,Standard Package
139,F,82.0,Others,64.0,Others,Science,73.0,Sci&Tech,Yes,96.0,Mkt&Fin,71.77,Placed,250000,73.0,Premium Package
140,M,77.0,Central,70.0,Central,Commerce,59.0,Comm&Mgmt,Yes,58.0,Mkt&Fin,54.43,Placed,220000,68.67,Standard Package
141,M,65.0,Central,64.8,Others,Commerce,69.5,Comm&Mgmt,Yes,56.0,Mkt&Fin,56.94,Placed,265000,66.43,Premium Package
142,M,66.0,Central,64.0,Central,Science,60.0,Comm&Mgmt,No,60.0,Mkt&Hr,61.9,Not Placed,0,63.33,No Package
143,M,85.0,Central,60.0,Others,Science,73.43,Sci&Tech,Yes,60.0,Mkt&Fin,61.29,Placed,260000,72.81,Premium Package
144,M,77.67,Others,64.89,Others,Commerce,70.67,Comm&Mgmt,No,89.0,Mkt&Fin,60.39,Placed,300000,71.08,Premium Package
145,M,52.0,Others,50.0,Others,Arts,61.0,Comm&Mgmt,No,60.0,Mkt&Fin,58.52,Not Placed,0,54.33,No Package
146,M,89.4,Others,65.66,Others,Science,71.25,Sci&Tech,No,72.0,Mkt&Hr,63.23,Placed,400000,75.44,Premium Package
147,M,62.0,Central,63.0,Others,Science,66.0,Comm&Mgmt,No,85.0,Mkt&Hr,55.14,Placed,233000,63.67,Standard Package
148,M,70.0,Central,74.0,Central,Commerce,65.0,Comm&Mgmt,No,83.0,Mkt&Fin,62.28,Placed,300000,69.67,Premium Package
149,F,77.0,Central,86.0,Central,Arts,56.0,Others,No,57.0,Mkt&Fin,64.08,Placed,240000,73.0,Standard Package
150,M,44.0,Central,58.0,Central,Arts,55.0,Comm&Mgmt,Yes,64.25,Mkt&Hr,58.54,Not Placed,0,52.33,No Package
151,M,71.0,Central,58.66,Central,Science,58.0,Sci&Tech,Yes,56.0,Mkt&Fin,61.3,Placed,690000,62.55,Premium Package
152,M,65.0,Central,65.0,Central,Commerce,75.0,Comm&Mgmt,No,83.0,Mkt&Fin,58.87,Placed,270000,68.33,Premium Package
153,F,75.4,Others,60.5,Central,Science,84.0,Sci&Tech,No,98.0,Mkt&Fin,65.25,Placed,240000,73.3,Standard Package
154,M,49.0,Others,59.0,Others,Science,65.0,Sci&Tech,Yes,86.0,Mkt&Fin,62.48,Placed,340000,57.67,Premium Package
155,M,53.0,Central,63.0,Others,Science,60.0,Comm&Mgmt,Yes,70.0,Mkt&Fin,53.2,Placed,250000,58.67,Premium Package
156,M,51.57,Others,74.66,Others,Commerce,59.9,Comm&Mgmt,Yes,56.15,Mkt&Hr,65.99,Not Placed,0,62.04,No Package
157,M,84.2,Central,69.4,Central,Science,65.0,Sci&Tech,Yes,80.0,Mkt&Hr,52.72,Placed,255000,72.87,Premium Package
158,M,66.5,Central,62.5,Central,Commerce,60.9,Comm&Mgmt,No,93.4,Mkt&Fin,55.03,Placed,300000,63.3,Premium Package
159,M,67.0,Others,63.0,Others,Science,64.0,Sci&Tech,No,60.0,Mkt&Fin,61.87,Not Placed,0,64.67,No Package
160,M,52.0,Central,49.0,Others,Commerce,58.0,Comm&Mgmt,No,62.0,Mkt&Hr,60.59,Not Placed,0,53.0,No Package
161,M,87.0,Central,74.0,Central,Science,65.0,Sci&Tech,Yes,75.0,Mkt&Hr,72.29,Placed,300000,75.33,Premium Package
162,M,55.6,Others,51.0,Others,Commerce,57.5,Comm&Mgmt,No,57.63,Mkt&Hr,62.72,Not Placed,0,54.7,No Package
163,M,74.2,Central,87.6,Others,Commerce,77.25,Comm&Mgmt,Yes,75.2,Mkt&Fin,66.06,Placed,285000,79.68,Premium Package
164,M,63.0,Others,67.0,Others,Science,64.0,Sci&Tech,No,75.0,Mkt&Fin,66.46,Placed,500000,64.67,Premium Package
165,F,67.16,Central,72.5,Central,Commerce,63.35,Comm&Mgmt,No,53.04,Mkt&Fin,65.52,Placed,250000,67.67,Premium Package
166,F,63.3,Central,78.33,Others,Commerce,74.0,Comm&Mgmt,No,80.0,Mkt&Fin,74.56,Not Placed,0,71.88,No Package
167,M,62.0,Others,62.0,Others,Commerce,60.0,Comm&Mgmt,Yes,63.0,Mkt&Hr,52.38,Placed,240000,61.33,Standard Package
168,M,67.9,Others,62.0,Others,Science,67.0,Sci&Tech,Yes,58.1,Mkt&Fin,75.71,Not Placed,0,65.63,No Package
169,F,48.0,Central,51.0,Central,Commerce,58.0,Comm&Mgmt,Yes,60.0,Mkt&Hr,58.79,Not Placed,0,52.33,No Package
170,M,59.96,Others,42.16,Others,Science,61.26,Sci&Tech,No,54.48,Mkt&Hr,65.48,Not Placed,0,54.46,No Package
171,F,63.4,Others,67.2,Others,Commerce,60.0,Comm&Mgmt,No,58.06,Mkt&Hr,69.28,Not Placed,0,63.53,No Package
172,M,80.0,Others,80.0,Others,Commerce,72.0,Comm&Mgmt,Yes,63.79,Mkt&Fin,66.04,Placed,290000,77.33,Premium Package
173,M,73.0,Others,58.0,Others,Commerce,56.0,Comm&Mgmt,No,84.0,Mkt&Hr,52.64,Placed,300000,62.33,Premium Package
174,F,52.0,Others,52.0,Others,Science,55.0,Sci&Tech,No,67.0,Mkt&Hr,59.32,Not Placed,0,53.0,No Package
175,M,73.24,Others,50.83,Others,Science,64.27,Sci&Tech,Yes,64.0,Mkt&Fin,66.23,Placed,500000,62.78,Premium Package
176,M,63.0,Others,62.0,Others,Science,65.0,Sci&Tech,No,87.5,Mkt&Hr,60.69,Not Placed,0,63.33,No Package
177,F,59.0,Central,60.0,Others,Commerce,56.0,Comm&Mgmt,No,55.0,Mkt&Hr,57.9,Placed,220000,58.33,Standard Package
178,F,73.0,Central,97.0,Others,Commerce,79.0,Comm&Mgmt,Yes,89.0,Mkt&Fin,70.81,Placed,650000,83.0,Premium Package
179,M,68.0,Others,56.0,Others,Science,68.0,Sci&Tech,No,73.0,Mkt&Hr,68.07,Placed,350000,64.0,Premium Package
180,F,77.8,Central,64.0,Central,Science,64.2,Sci&Tech,No,75.5,Mkt&Hr,72.14,Not Placed,0,68.67,No Package
181,M,65.0,Central,71.5,Others,Commerce,62.8,Comm&Mgmt,Yes,57.0,Mkt&Fin,56.6,Placed,265000,66.43,Premium Package
182,M,62.0,Central,60.33,Others,Science,64.21,Sci&Tech,No,63.0,Mkt&Hr,60.02,Not Placed,0,62.18,No Package
183,M,52.0,Others,65.0,Others,Arts,57.0,Others,Yes,75.0,Mkt&Fin,59.81,Not Placed,0,58.0,No Package
184,M,65.0,Central,77.0,Central,Commerce,69.0,Comm&Mgmt,No,60.0,Mkt&Hr,61.82,Placed,276000,70.33,Premium Package
185,F,56.28,Others,62.83,Others,Commerce,59.79,Comm&Mgmt,No,60.0,Mkt&Hr,57.29,Not Placed,0,59.63,No Package
186,F,88.0,Central,72.0,Central,Science,78.0,Others,No,82.0,Mkt&Hr,71.43,Placed,252000,79.33,Premium Package
187,F,52.0,Central,64.0,Central,Commerce,61.0,Comm&Mgmt,No,55.0,Mkt&Fin,62.93,Not Placed,0,59.0,No Package
188,M,78.5,Central,65.5,Central,Science,67.0,Sci&Tech,Yes,95.0,Mkt&Fin,64.86,Placed,280000,70.33,Premium Package
189,M,61.8,Others,47.0,Others,Commerce,54.38,Comm&Mgmt,No,57.0,Mkt&Fin,56.13,Not Placed,0,54.39,No Package
190,F,54.0,Central,77.6,Others,Commerce,69.2,Comm&Mgmt,No,95.65,Mkt&Fin,66.94,Not Placed,0,66.93,No Package
191,F,64.0,Others,70.2,Central,Commerce,61.0,Comm&Mgmt,No,50.0,Mkt&Fin,62.5,Not Placed,0,65.07,No Package
192,M,67.0,Others,61.0,Central,Science,72.0,Comm&Mgmt,No,72.0,Mkt&Fin,61.01,Placed,264000,66.67,Premium Package
193,M,65.2,Central,61.4,Central,Commerce,64.8,Comm&Mgmt,Yes,93.4,Mkt&Fin,57.34,Placed,270000,63.8,Premium Package
194,F,60.0,Central,63.0,Central,Arts,56.0,Others,Yes,80.0,Mkt&Hr,56.63,Placed,300000,59.67,Premium Package
195,M,52.0,Others,55.0,Others,Commerce,56.3,Comm&Mgmt,No,59.0,Mkt&Fin,64.74,Not Placed,0,54.43,No Package
196,M,66.0,Central,76.0,Central,Commerce,72.0,Comm&Mgmt,Yes,84.0,Mkt&Hr,58.95,Placed,275000,71.33,Premium Package
197,M,72.0,Others,63.0,Others,Science,77.5,Sci&Tech,Yes,78.0,Mkt&Fin,54.48,Placed,250000,70.83,Premium Package
198,F,83.96,Others,53.0,Others,Science,91.0,Sci&Tech,No,59.32,Mkt&Hr,69.71,Placed,260000,75.99,Premium Package
199,F,67.0,Central,70.0,Central,Commerce,65.0,Others,No,88.0,Mkt&Hr,71.96,Not Placed,0,67.33,No Package
200,M,69.0,Others,65.0,Others,Commerce,57.0,Comm&Mgmt,No,73.0,Mkt&Hr,55.8,Placed,265000,63.67,Premium Package
201,M,69.0,Others,60.0,Others,Commerce,65.0,Comm&Mgmt,No,87.55,Mkt&Fin,52.81,Placed,300000,64.67,Premium Package
202,M,54.2,Central,63.0,Others,Science,58.0,Comm&Mgmt,No,79.0,Mkt&Hr,58.44,Not Placed,0,58.4,No Package
203,M,70.0,Central,63.0,Central,Science,66.0,Sci&Tech,No,61.28,Mkt&Hr,60.11,Placed,240000,66.33,Standard Package
204,M,55.68,Others,61.33,Others,Commerce,56.87,Comm&Mgmt,No,66.0,Mkt&Hr,58.3,Placed,260000,57.96,Premium Package
205,F,74.0,Others,73.0,Others,Commerce,73.0,Comm&Mgmt,Yes,80.0,Mkt&Fin,67.69,Placed,210000,73.33,Standard Package
206,M,61.0,Others,62.0,Others,Commerce,65.0,Comm&Mgmt,No,62.0,Mkt&Fin,56.81,Placed,250000,62.67,Premium Package
207,M,41.0,Central,42.0,Central,Science,60.0,Comm&Mgmt,No,97.0,Mkt&Fin,53.39,Not Placed,0,47.67,No Package
208,M,83.33,Central,78.0,Others,Commerce,61.0,Comm&Mgmt,Yes,88.56,Mkt&Fin,71.55,Placed,300000,74.11,Premium Package
209,F,43.0,Central,60.0,Others,Science,65.0,Comm&Mgmt,No,92.66,Mkt&Hr,62.92,Not Placed,0,56.0,No Package
210,M,62.0,Central,72.0,Central,Commerce,65.0,Comm&Mgmt,No,67.0,Mkt&Fin,56.49,Placed,216000,66.33,Standard Package
211,M,80.6,Others,82.0,Others,Commerce,77.6,Comm&Mgmt,No,91.0,Mkt&Fin,74.49,Placed,400000,80.07,Premium Package
212,M,58.0,Others,60.0,Others,Science,72.0,Sci&Tech,No,74.0,Mkt&Fin,53.62,Placed,275000,63.33,Premium Package
213,M,67.0,Others,67.0,Others,Commerce,73.0,Comm&Mgmt,Yes,59.0,Mkt&Fin,69.72,Placed,295000,69.0,Premium Package
214,F,74.0,Others,66.0,Others,Commerce,58.0,Comm&Mgmt,No,70.0,Mkt&Hr,60.23,Placed,204000,66.0,Standard Package
215,M,62.0,Central,58.0,Others,Science,53.0,Comm&Mgmt,No,89.0,Mkt&Hr,60.22,Not Placed,0,57.67,No Package
